Reference area,REF_AREA,TIME_PERIOD,Median_%_of_men_wages_gap
Australia,AUS,1980,18.75
Australia,AUS,1979,20
Australia,AUS,1978,19.791666667
Brazil,BRA,2016,14.285714286
Brazil,BRA,2015,15.384615385
Brazil,BRA,2014,16.666666667
Australia,AUS,2019,15.311653117
Australia,AUS,2018,13.448567435
Australia,AUS,2017,13.000948217
Australia,AUS,2016,13.728432108
Australia,AUS,2015,13.307692308
Australia,AUS,2014,15.773353752
Australia,AUS,2013,18
Australia,AUS,2012,13.75
Australia,AUS,2011,15.966386555
Australia,AUS,2010,14.04293381
Australia,AUS,2009,16.363636364
Australia,AUS,2004,14.352941176
Australia,AUS,2003,13.043478261
Australia,AUS,2002,15
Australia,AUS,2001,14.342105263
Australia,AUS,2000,17.2
Australia,AUS,1999,14.285714286
Australia,AUS,1998,13.242009132
Australia,AUS,1997,15.254237288
Australia,AUS,1995,14.478114478
Australia,AUS,1994,14.409722222
Australia,AUS,1993,13.224637681
Australia,AUS,1992,14.258555133
Australia,AUS,1991,16.015625
Australia,AUS,1990,18.181818182
Australia,AUS,1989,18.58974359
Australia,AUS,1988,18.79350348
Australia,AUS,1977,18.390804598
Australia,AUS,1987,18.518518519
Australia,AUS,1986,18.848167539
Australia,AUS,2022,9.875
Australia,AUS,1982,20.819112628
Australia,AUS,1981,18.253968254
Australia,AUS,2005,15.777777778
Belgium,BEL,2004,11.832061069
Belgium,BEL,2003,15.205183585
Belgium,BEL,2002,11.604714415
Belgium,BEL,2001,13.186813187
Belgium,BEL,2000,13.599231139
Belgium,BEL,1999,15.182987141
Belgium,BEL,2022,1.106777696
Belgium,BEL,2021,1.106777696
Belgium,BEL,2020,1.173184358
Belgium,BEL,2019,3.798185941
Belgium,BEL,2018,3.408756979
Belgium,BEL,2017,4.190296156
Belgium,BEL,2016,3.701298701
Belgium,BEL,2015,4.672
Belgium,BEL,2014,3.298900366
Belgium,BEL,2013,5.912863071
Belgium,BEL,2012,6.411149826
Belgium,BEL,2011,5.838108883
Belgium,BEL,2010,7.043795620
Belgium,BEL,2009,7.480461481
Belgium,BEL,2007,9.873617693
Austria,AUT,2009,19.355965917
Austria,AUT,2001,22.801817823
Austria,AUT,2000,23.141943088
Austria,AUT,2022,12.143697036
Austria,AUT,2021,12.157208488
Austria,AUT,2020,12.381539673
Austria,AUT,2019,14.011740808
Austria,AUT,2018,14.876690892
Austria,AUT,2017,15.38215397
Austria,AUT,2016,15.670899643
Austria,AUT,2015,17.04325299
Austria,AUT,2014,17.728884245
Austria,AUT,2013,18.053211411
Austria,AUT,2012,18.185056843
Austria,AUT,2011,18.550554118
Austria,AUT,2010,19.188862682
Austria,AUT,2008,20.917320274
Austria,AUT,2007,21.634276366
Austria,AUT,2006,21.855130427
Austria,AUT,2005,22.032085753
Austria,AUT,2004,22.430792158
Austria,AUT,2003,21.136921977
Austria,AUT,2002,24.48922362
Australia,AUS,1976,20.754716981
Australia,AUS,1975,21.582733813
Australia,AUS,2021,10.470245305
Australia,AUS,2020,10.533333333
Colombia,COL,2016,12.755307692
Colombia,COL,2015,14.245359161
Colombia,COL,2014,14.772666666
Colombia,COL,2013,13.592555666
Colombia,COL,2012,14.497685185
Colombia,COL,2011,12.637804878
Colombia,COL,2010,12.661498709
Colombia,COL,2009,10
Colombia,COL,2008,10.813953488
Colombia,COL,2007,7.513123360
Colombia,COL,2023,1.945525292
Colombia,COL,2022,1.858736057
Chile,CHL,2020,8.596458333
Chile,CHL,2017,12.5
Chile,CHL,2015,14.285714286
Chile,CHL,2013,10.666666667
Chile,CHL,2011,16
Chile,CHL,2009,9.090909091
Chile,CHL,2006,5.555555556
Chile,CHL,2003,1.683183892
Chile,CHL,2000,6.0729
Chile,CHL,1998,14.285714286
Chile,CHL,2022,15.36705037
Chile,CHL,2021,10.918891755
Canada,CAN,2005,21.25
Canada,CAN,2023,16.136363636
Canada,CAN,2004,22.717948718
Canada,CAN,2003,22.502340337
Canada,CAN,2002,24.013157895
Canada,CAN,2001,24.324579125
Canada,CAN,2000,23.875
Canada,CAN,1999,24
Canada,CAN,1998,24.855491329
Canada,CAN,1997,24.705882353
Canada,CAN,2022,17.142857143
Canada,CAN,2021,16.666666667
Canada,CAN,2020,17.572905286
Canada,CAN,2019,18.646457526
Canada,CAN,2018,18.443223443
Canada,CAN,2017,18.755803157
Canada,CAN,2016,18.192133132
Canada,CAN,2015,18.653846154
Canada,CAN,2014,17.582417582
Canada,CAN,2013,20
Canada,CAN,2012,20.159660469
Canada,CAN,2011,19.875
Canada,CAN,2010,20.168067227
Canada,CAN,2009,19.995667244
Canada,CAN,2008,20.681564246
Canada,CAN,2007,21.71752196
Canada,CAN,2006,21.478365385
Australia,AUS,1985,19.607843137
Australia,AUS,1984,18.674698795
Australia,AUS,1983,19.155844156
Australia,AUS,2008,11.937377691
Australia,AUS,2007,15.4
Australia,AUS,2006,16.666666667
Belgium,BEL,2008,8.915753683
Belgium,BEL,2006,10.253267974
Belgium,BEL,2005,11.511092507
Denmark,DNK,2018,4.863206011
Denmark,DNK,2017,5.296691966
Denmark,DNK,2016,5.732628037
Denmark,DNK,2015,5.836048112
Denmark,DNK,2014,6.323865696
Denmark,DNK,2013,6.768911942
Denmark,DNK,2012,6.999844875
Denmark,DNK,2005,10.167330439
Denmark,DNK,2004,10.182205377
Denmark,DNK,2002,10.79707571
Denmark,DNK,2022,5.837088593
Denmark,DNK,2021,5.576082634
Denmark,DNK,2011,7.947197254
Denmark,DNK,2010,8.895098479
Denmark,DNK,2009,10.172005064
Denmark,DNK,2008,10.183549036
Denmark,DNK,2003,9.921804092
Czechia,CZE,2019,14.714332257
Czechia,CZE,2018,15.127413864
Czechia,CZE,2017,15.614010894
Czechia,CZE,2016,16.023430838
Czechia,CZE,2015,16.455154158
Czechia,CZE,2014,16.254560195
Czechia,CZE,2013,15.378835316
Czechia,CZE,2012,15.262979875
Czechia,CZE,2011,16.329656697
Czechia,CZE,2010,15.798503073
Czechia,CZE,2009,15.105017964
Czechia,CZE,2008,17.873019879
Czechia,CZE,2004,16.146819681
Czechia,CZE,2003,15.637497322
Czechia,CZE,2002,15.950697831
Czechia,CZE,2001,16.876621643
Czechia,CZE,1999,19.030314258
Czechia,CZE,1997,18.429043742
Czechia,CZE,1996,18.289856235
Czechia,CZE,2006,15.351766203
Czechia,CZE,2005,15.938929462
Czechia,CZE,2007,16.931531881
Czechia,CZE,2023,13.170419834
Czechia,CZE,2022,13.575712144
Czechia,CZE,2021,11.518748314
Costa Rica,CRI,2019,6.529209622
Costa Rica,CRI,2011,9.723076922
Costa Rica,CRI,2010,9.333333332
Costa Rica,CRI,2023,4.210524667
Australia,AUS,2023,11.34751773
Finland,FIN,1995,22.402194089
Finland,FIN,1994,23.149578753
Finland,FIN,1993,21.984812499
Finland,FIN,1992,20.284986188
Finland,FIN,1991,21.467746963
Finland,FIN,1989,23.559035502
Finland,FIN,1988,23.045794442
Finland,FIN,1987,23.612840074
Finland,FIN,1990,22.862101999
Finland,FIN,2022,17.516859387
Finland,FIN,2021,15.340786928
Finland,FIN,2020,15.978604956
Finland,FIN,2019,17.159829635
Finland,FIN,2018,18.855203722
Finland,FIN,2017,17.717920638
Finland,FIN,2016,16.47225837
Finland,FIN,2015,18.055981324
Finland,FIN,2014,19.609079445
Finland,FIN,2013,20.178432711
Finland,FIN,2012,18.726074526
Finland,FIN,2011,18.607617095
Finland,FIN,2010,18.876999846
Finland,FIN,2009,19.675672792
Finland,FIN,2008,21.233952657
Finland,FIN,2007,21.376904093
Estonia,EST,2018,22.68115942
Estonia,EST,2014,28.339350181
Estonia,EST,2010,27.797833935
Estonia,EST,2006,27.856025039
Estonia,EST,2002,25.000651941
Estonia,EST,2022,20.520922353
Estonia,EST,2021,20.428979425
Estonia,EST,2020,19.602147142
Denmark,DNK,2006,10.172061262
Denmark,DNK,2020,4.994399738
Denmark,DNK,2019,5.059215628
Greece,GRC,2022,8.084190385
Greece,GRC,2021,8.143520987
Greece,GRC,2020,7.952271548
Germany,DEU,1996,20.744680851
Germany,DEU,1995,19.544486619
Germany,DEU,1994,21.072796933
Germany,DEU,1993,22.941176471
Germany,DEU,1992,27.101265823
Germany,DEU,2017,14.427860696
Germany,DEU,2016,15.510718789
Germany,DEU,2015,15.816326531
Germany,DEU,2014,17.1875
Germany,DEU,2013,14.323287672
Germany,DEU,2012,16.304347826
Germany,DEU,2011,16.944444443
Germany,DEU,2010,16.694715584
Germany,DEU,2009,16.958598726
Germany,DEU,2008,16.959064326
Germany,DEU,2007,16.959064326
Germany,DEU,2006,18.542521995
Germany,DEU,2005,16.814159292
Germany,DEU,2004,21.244784423
Germany,DEU,2003,19.820537795
Germany,DEU,2002,18.633540373
Germany,DEU,2001,19.100651397
Germany,DEU,2000,19.536423842
Germany,DEU,2022,14.380132185
Germany,DEU,2021,13.475054231
Germany,DEU,2020,12.062573468
Germany,DEU,2019,14.351851853
Germany,DEU,2018,15.714285714
Germany,DEU,1999,20.586438607
Germany,DEU,1998,20.614050007
Costa Rica,CRI,2022,1.449275363
Costa Rica,CRI,2021,5.203619908
Costa Rica,CRI,2020,3.030303029
Costa Rica,CRI,2018,8.450704225
Costa Rica,CRI,2017,6.586826348
Costa Rica,CRI,2016,6.250000001
Costa Rica,CRI,2015,9.090909091
Costa Rica,CRI,2014,12.307692308
Costa Rica,CRI,2013,9.722222223
Costa Rica,CRI,2012,10.089285714
Colombia,COL,2020,2.963954082
Colombia,COL,2019,9.385588986
Colombia,COL,2018,10.628862538
Colombia,COL,2017,11.251349353
Finland,FIN,1997,21.332011656
Finland,FIN,1996,20.582669661
Israel,ISR,2014,20.108141196
Ireland,IRL,2006,19.602019602
Ireland,IRL,2002,17.769038255
Ireland,IRL,2021,7.470801450
Ireland,IRL,2020,5.227561357
Ireland,IRL,2019,2.781468686
Ireland,IRL,2018,8.284023669
Ireland,IRL,2014,10.606060606
Ireland,IRL,2010,14.345864662
Iceland,ISL,2002,28.722134916
Iceland,ISL,2022,8.694318758
Iceland,ISL,2021,9.722679041
Iceland,ISL,2020,11.405450413
Iceland,ISL,2019,13.275196383
Iceland,ISL,2018,12.901247189
Iceland,ISL,2014,13.84083045
Iceland,ISL,2010,16.46039604
Iceland,ISL,2006,23.269628099
Hungary,HUN,2019,12.753673197
Hungary,HUN,2002,9.129712294
Hungary,HUN,2001,13.689781486
Hungary,HUN,2000,14.098768043
Hungary,HUN,2022,13.335555556
Hungary,HUN,2021,13.076614108
Hungary,HUN,2020,12.350016442
Estonia,EST,2019,23.167458187
Denmark,DNK,2007,9.850297950
Japan,JPN,2021,22.113766409
Japan,JPN,2020,22.518568535
Japan,JPN,2019,23.480013436
Japan,JPN,2018,23.537368955
Japan,JPN,2017,24.518092661
Japan,JPN,2016,24.601289447
Japan,JPN,2015,25.731790334
Japan,JPN,2014,25.870989997
Japan,JPN,2013,26.587578507
Japan,JPN,2012,26.523545706
Japan,JPN,2011,27.395364926
Japan,JPN,2010,28.684300928
Italy,ITA,2022,3.288573384
Italy,ITA,2021,2.452193476
Italy,ITA,2020,4.768122657
Italy,ITA,2019,5.553895411
Italy,ITA,2018,5.708061002
Italy,ITA,2014,6.584723442
Italy,ITA,2010,5.640535373
Italy,ITA,2006,10.512820513
France,FRA,2022,11.558211206
France,FRA,2021,11.558211206
France,FRA,2020,11.764927198
France,FRA,2019,12.073441439
France,FRA,2018,11.823802164
France,FRA,2014,9.872102318
France,FRA,2010,9.118807541
France,FRA,2006,9.390746679
France,FRA,2002,13.30472103
Finland,FIN,2006,19.374794537
Finland,FIN,1986,22.531420389
Finland,FIN,1984,23.427041501
Finland,FIN,1983,25.631742915
Finland,FIN,1982,25.96153846
Finland,FIN,1980,26.623818677
Finland,FIN,1979,27.168949772
Finland,FIN,1978,27.088607594
Finland,FIN,1977,27.69040181
Finland,FIN,2005,18.941694033
Finland,FIN,2004,20.015151037
Finland,FIN,2003,20.099255583
Finland,FIN,2002,20.373202814
Finland,FIN,2001,21.239091287
Finland,FIN,2000,20.427489177
Finland,FIN,1999,21.716236107
Finland,FIN,1998,20.800426409
Israel,ISR,2016,21.593332041
Israel,ISR,2015,20.439189189
Korea,KOR,2009,38.614682704
Korea,KOR,2008,39.037441734
Korea,KOR,2007,38.162064282
Korea,KOR,2006,39.774144311
Korea,KOR,2005,39.61663236
Korea,KOR,2004,39.62354825
Korea,KOR,2003,40.083154627
Korea,KOR,2002,41.028512789
Korea,KOR,2001,40.416140488
Korea,KOR,2000,41.654352442
Korea,KOR,1999,41.803398112
Korea,KOR,2023,29.300864101
Korea,KOR,2022,31.242084275
Korea,KOR,2021,31.064839435
Korea,KOR,2020,31.48475223
Korea,KOR,2019,32.480444715
Korea,KOR,2018,34.107310951
Hungary,HUN,1992,17.391092723
Hungary,HUN,1989,25.979979418
Hungary,HUN,2017,5.320268655
Hungary,HUN,2016,9.364317181
Hungary,HUN,2015,9.523809524
Hungary,HUN,2014,3.772605527
Hungary,HUN,2013,8.723650635
Hungary,HUN,2012,11.332462443
Hungary,HUN,2011,6.863905325
Hungary,HUN,2010,6.381712252
Hungary,HUN,2009,3.876088070
Hungary,HUN,2008,2.220654460
Hungary,HUN,2007,3.648106127
Hungary,HUN,2006,0.384387036
Hungary,HUN,2005,4.021526574
Hungary,HUN,2004,3.034373765
Hungary,HUN,2003,1.476004490
Hungary,HUN,2018,5.063214286
Hungary,HUN,1999,15.30123115
Hungary,HUN,1998,15.671892874
Hungary,HUN,1996,17.775349235
Hungary,HUN,1995,15.754001685
Hungary,HUN,1994,15.181054045
Hungary,HUN,1993,7.948628948
Greece,GRC,2018,5.909090909
Greece,GRC,2014,7.171581769
Greece,GRC,2010,9.909909910
Greece,GRC,2006,17.725752508
Greece,GRC,2002,23.565754634
Japan,JPN,1983,41.903409091
Japan,JPN,2023,22.042139384
Japan,JPN,2022,21.347941567
Netherlands,NLD,2002,15.64
Netherlands,NLD,2022,14.760322734
Netherlands,NLD,2021,13.230210854
Netherlands,NLD,2020,13.330890229
Netherlands,NLD,2019,13.397326424
Netherlands,NLD,2018,12.657091562
Netherlands,NLD,2014,15.304839723
Netherlands,NLD,2010,17.88914703
Netherlands,NLD,2006,15.982463133
Mexico,MEX,2022,16.666666667
Mexico,MEX,2012,13.555555556
Mexico,MEX,2011,10
Mexico,MEX,2010,11.627906977
Mexico,MEX,2009,16.666666667
Mexico,MEX,2008,22.222222222
Mexico,MEX,2007,12.5
Mexico,MEX,2006,18.604651163
Mexico,MEX,2005,16.666666667
Mexico,MEX,2023,15
Mexico,MEX,2021,12.5
Mexico,MEX,2018,14
Mexico,MEX,2017,11.111111111
Mexico,MEX,2016,16.492248062
Mexico,MEX,2015,16.666666667
Mexico,MEX,2014,18.3
Mexico,MEX,2013,15.433403805
Italy,ITA,2002,15.725101922
Israel,ISR,2013,20.345901815
Israel,ISR,2012,20
Israel,ISR,2011,19.659666908
Israel,ISR,2010,20.391577392
Israel,ISR,2009,21.13599802
Israel,ISR,2008,22.058823529
Israel,ISR,2007,20.40924794
Israel,ISR,2006,21.955215729
Israel,ISR,2005,21.924398625
Israel,ISR,2004,25.013528139
Israel,ISR,2003,25.325311319
Israel,ISR,2002,24.207612457
Israel,ISR,2001,27.974718329
Israel,ISR,2020,21.558333333
Israel,ISR,2019,24.318869828
Israel,ISR,2018,22.659192432
Israel,ISR,2017,21.791789941
Korea,KOR,2013,36.599634369
Korea,KOR,2012,36.298529966
Korea,KOR,2011,36.5642295
Korea,KOR,2010,39.605857342
Norway,NOR,2014,5.800694100
Norway,NOR,2013,6.597045339
Norway,NOR,2012,5.792118487
Norway,NOR,2011,7.144812483
Norway,NOR,2010,7.236095346
Norway,NOR,2009,8.284371328
Norway,NOR,2008,8.757575758
Norway,NOR,2007,8.789439794
Norway,NOR,2006,8.210742388
New Zealand,NZL,2020,4.581467447
New Zealand,NZL,2019,6.508450198
New Zealand,NZL,2018,7.869692533
New Zealand,NZL,2017,7.150837989
Japan,JPN,2008,30.694397853
Japan,JPN,2007,31.742323097
Japan,JPN,2006,32.980832783
Japan,JPN,2005,32.825438887
Japan,JPN,2004,31.087391594
Japan,JPN,2003,31.997350116
Japan,JPN,2002,32.529722589
Japan,JPN,2001,33.864671438
Japan,JPN,1982,42.15925745
Japan,JPN,1981,41.956967213
Japan,JPN,1980,41.68030551
Japan,JPN,1979,41.313190006
Japan,JPN,1978,40.565457898
Japan,JPN,1977,40.326797386
Japan,JPN,1976,39.741750359
Japan,JPN,1975,42.389758179
Japan,JPN,2000,33.85930309
Japan,JPN,1999,34.550839092
Japan,JPN,1998,35.307666996
Japan,JPN,1997,36.521454307
Japan,JPN,1996,36.847323199
Japan,JPN,1995,37.090301003
Japan,JPN,1994,37.815975733
Japan,JPN,1993,38.450946644
Japan,JPN,1992,38.884992987
Japan,JPN,1991,39.898989899
Japan,JPN,1990,40.59893859
Japan,JPN,1989,40.963375796
Japan,JPN,1988,41.018211921
Japan,JPN,1987,41.226215645
Japan,JPN,1986,41.605524385
Japan,JPN,1985,41.659272405
Japan,JPN,1984,41.9340055
Slovak Republic,SVK,2017,15.040042332
Slovak Republic,SVK,2016,13.899182143
Slovak Republic,SVK,2015,13.376624885
Slovak Republic,SVK,2014,14.350047529
Slovak Republic,SVK,2013,14.109329757
Slovak Republic,SVK,2012,15.965269161
Slovak Republic,SVK,2011,15.449856429
Portugal,PRT,2021,9.615384615
Portugal,PRT,2020,6.670845272
Portugal,PRT,2019,12.011700321
Portugal,PRT,2018,11.665004985
Portugal,PRT,2014,15.321756895
Portugal,PRT,2010,16.020942408
Portugal,PRT,2006,12.808460635
Luxembourg,LUX,2020,0.441118843
Luxembourg,LUX,2019,0.819220708
Luxembourg,LUX,2018,0.882237685
Luxembourg,LUX,2017,1.638441415
Luxembourg,LUX,2016,2.457662123
Luxembourg,LUX,2015,2.961797943
Luxembourg,LUX,2014,3.402916786
Luxembourg,LUX,2010,4.592164419
Luxembourg,LUX,2006,7.668067227
Luxembourg,LUX,2002,15.088529638
Luxembourg,LUX,2022,0.441118843
Lithuania,LTU,2022,10.34326718
Lithuania,LTU,2021,9.022086401
Lithuania,LTU,2020,9.330032493
Lithuania,LTU,2019,14.078452445
Lithuania,LTU,2018,11.689814815
Lithuania,LTU,2014,12.479740681
Lithuania,LTU,2010,10.642570281
Lithuania,LTU,2002,15.083743188
Latvia,LVA,2022,24.914726383
Latvia,LVA,2021,23.951338968
Latvia,LVA,2020,22.708900437
Latvia,LVA,2019,19.763665885
Latvia,LVA,2018,20.289855072
Latvia,LVA,2014,21.122994652
Latvia,LVA,2010,19.055649241
Latvia,LVA,2006,8.465608466
Latvia,LVA,2002,18.919555573
Korea,KOR,2017,34.617382557
Korea,KOR,1998,42.021841967
Korea,KOR,1997,42.215485792
Korea,KOR,1996,43.282779573
Korea,KOR,1995,44.182205884
Korea,KOR,1994,45.506376315
Korea,KOR,1993,47.260317786
Korea,KOR,1992,46.965487182
Korea,KOR,1985,52.776235512
Korea,KOR,2016,36.666666667
Korea,KOR,2015,37.176281754
Korea,KOR,2014,36.653176139
Norway,NOR,2021,4.601479047
Norway,NOR,2020,4.813863928
Norway,NOR,2019,4.367866550
Norway,NOR,2018,5.129369042
Norway,NOR,2017,5.494761350
Norway,NOR,2016,6.306306306
Norway,NOR,2015,6.957773513
Sweden,SWE,2011,9.157509157
Sweden,SWE,2010,9.363295880
Sweden,SWE,2009,9.541984733
Sweden,SWE,2008,10.588235294
Sweden,SWE,2007,11.836734694
Sweden,SWE,2006,11.016949153
Sweden,SWE,2005,11.304347826
Sweden,SWE,2004,10.762331839
Sweden,SWE,2003,11.520737327
Sweden,SWE,2022,7.042253521
New Zealand,NZL,2016,7.769230769
New Zealand,NZL,2015,7.92
New Zealand,NZL,1996,20.394885989
New Zealand,NZL,1995,13.682829865
New Zealand,NZL,1994,13.302432435
New Zealand,NZL,1992,15.571564705
New Zealand,NZL,1990,17.111123523
New Zealand,NZL,1988,20.289233743
New Zealand,NZL,1986,23.01499874
New Zealand,NZL,1984,21.474652004
New Zealand,NZL,2014,6.083333333
New Zealand,NZL,2013,6.594323873
New Zealand,NZL,2012,5.907906169
New Zealand,NZL,2011,4.533333333
New Zealand,NZL,2010,7.011235955
New Zealand,NZL,2009,8.759124088
New Zealand,NZL,2008,8.053691275
New Zealand,NZL,2007,7.142857143
New Zealand,NZL,2006,9.333333333
New Zealand,NZL,2005,9.611111111
New Zealand,NZL,2004,8.076699593
New Zealand,NZL,2003,7.692307692
New Zealand,NZL,2002,7.3125
New Zealand,NZL,2001,8.056265985
New Zealand,NZL,2000,7.166556072
New Zealand,NZL,1999,8.333333333
New Zealand,NZL,1998,11.4
New Zealand,NZL,1997,12.709497164
New Zealand,NZL,2023,4.230317274
New Zealand,NZL,2022,6.255864873
Slovak Republic,SVK,2004,20.88376561
Slovak Republic,SVK,2003,20.689655172
Slovak Republic,SVK,2002,20.355160932
Slovak Republic,SVK,2022,13.808194646
Slovak Republic,SVK,2021,11.700371359
Slovak Republic,SVK,2020,11.014467821
Slovak Republic,SVK,2019,13.869849949
Slovak Republic,SVK,2018,15.662080133
United Kingdom,GBR,1995,28.192834913
United Kingdom,GBR,1976,36.550301936
United Kingdom,GBR,1975,39.855414721
United Kingdom,GBR,1974,44.42223433
United Kingdom,GBR,1973,46.378726414
United Kingdom,GBR,1972,45.677794735
United Kingdom,GBR,1971,45.527421847
United Kingdom,GBR,1970,47.578039178
United Kingdom,GBR,2023,13.255172414
United Kingdom,GBR,1994,28.079718536
United Kingdom,GBR,1993,28.719019262
United Kingdom,GBR,1992,29.946679401
United Kingdom,GBR,1991,31.075478051
United Kingdom,GBR,1990,32.744955955
United Kingdom,GBR,1989,33.730659166
United Kingdom,GBR,1988,34.045729488
United Kingdom,GBR,1987,34.512954385
United Kingdom,GBR,1986,34.938506318
United Kingdom,GBR,1985,35.120114366
United Kingdom,GBR,1984,35.081526589
United Kingdom,GBR,1983,34.567281918
United Kingdom,GBR,1982,35.659619488
United Kingdom,GBR,1981,35.426812297
United Kingdom,GBR,1980,36.688585969
United Kingdom,GBR,1979,38.295239524
United Kingdom,GBR,1978,37.474868761
United Kingdom,GBR,1977,35.788367619
United Kingdom,GBR,2022,13.978337237
Portugal,PRT,2002,21.857142857
Poland,POL,1999,17.559320692
Poland,POL,1998,19.107622601
Poland,POL,1997,18.568771519
Poland,POL,1996,20.465695126
Poland,POL,1995,20.104613516
Poland,POL,1994,18.853943975
Poland,POL,1993,20.028668251
Poland,POL,1992,17.247705061
Poland,POL,1991,20.148817176
Poland,POL,2022,10.170974578
Poland,POL,2020,8.690614137
Poland,POL,2018,11.497909952
Poland,POL,2016,9.417880936
Poland,POL,2014,11.07286288
Poland,POL,2012,10.620155274
Poland,POL,2010,7.190207044
Poland,POL,2008,12.993822243
Poland,POL,2006,11.440420483
Poland,POL,2004,10.638848907
Poland,POL,2002,11.315955408
Poland,POL,2001,14.299742456
Norway,NOR,2005,8.624376336
Norway,NOR,2023,4.520089286
Norway,NOR,2004,8.449669361
Norway,NOR,2003,9.329779132
Norway,NOR,2002,9.690074539
Norway,NOR,2001,9.787588505
Norway,NOR,2000,9.225413403
Norway,NOR,1999,9.215955984
Norway,NOR,1998,8.887832700
Norway,NOR,1997,9.318996416
Norway,NOR,2022,4.481459449
Sweden,SWE,2020,7.418397626
Sweden,SWE,2019,7.575757576
Sweden,SWE,2018,7.142857143
Sweden,SWE,2017,7.348242812
Sweden,SWE,2016,8.169934640
Sweden,SWE,2015,8.333333333
Sweden,SWE,2014,9.152542373
Sweden,SWE,2013,9.375
Sweden,SWE,2012,9.285714286
United States,USA,1983,34.286450283
Sweden,SWE,2021,7.246376812
Sweden,SWE,2002,11.904761905
Sweden,SWE,2001,12.376237624
Sweden,SWE,2000,12.371134021
Sweden,SWE,1999,11.827956989
Sweden,SWE,1998,12.777777778
Sweden,SWE,1997,11.560693642
Spain,ESP,2022,6.722083413
Spain,ESP,2021,3.716823246
Spain,ESP,2020,8.092485549
Spain,ESP,2019,12.866598504
Spain,ESP,2018,8.621607238
Spain,ESP,2014,11.540497618
Spain,ESP,2010,13.504464286
Spain,ESP,2006,13.533333333
Spain,ESP,2002,17.161961367
Slovenia,SVN,2022,8.318273352
Slovenia,SVN,2021,8.868008451
Slovenia,SVN,2020,8.426898467
Slovenia,SVN,2019,9.494640122
Slovenia,SVN,2018,8.194536975
Slovenia,SVN,2014,4.996271439
Slovenia,SVN,2010,0.991735537
Slovenia,SVN,2006,6.557377049
Slovenia,SVN,2002,9.358884068
Slovak Republic,SVK,2010,14.851117649
Slovak Republic,SVK,2009,16.432721259
Slovak Republic,SVK,2008,16.444769568
Slovak Republic,SVK,2007,17.521704815
Slovak Republic,SVK,2006,17.802768166
Slovak Republic,SVK,2005,20.099255583
European Union (19 countries) in OECD,EU19OECD,2002,18.362452958
European Union (19 countries) in OECD,EU19OECD,2022,11.300065139
European Union (19 countries) in OECD,EU19OECD,2021,11.078017948
European Union (19 countries) in OECD,EU19OECD,2020,10.682028169
European Union (19 countries) in OECD,EU19OECD,2019,11.783982664
European Union (19 countries) in OECD,EU19OECD,2018,11.783584246
European Union (19 countries) in OECD,EU19OECD,2017,11.842266830
European Union (19 countries) in OECD,EU19OECD,2016,11.942029854
European Union (19 countries) in OECD,EU19OECD,2015,12.323980574
European Union (19 countries) in OECD,EU19OECD,2014,12.700839105
United Kingdom,GBR,2021,14.169356078
United Kingdom,GBR,2020,11.983805668
United Kingdom,GBR,2019,16.099809282
Türkiye,TUR,2006,3.206997085
Türkiye,TUR,2018,9.980806142
Türkiye,TUR,2014,6.882591093
Türkiye,TUR,2010,3.104212860
Switzerland,CHE,2010,20.053595355
Switzerland,CHE,2008,21.307506053
Switzerland,CHE,2006,21.318132126
Switzerland,CHE,2004,22.012478004
Switzerland,CHE,2002,22.801619433
Switzerland,CHE,2000,23.787141178
Switzerland,CHE,1998,24.122427806
Switzerland,CHE,1996,25.472027972
Switzerland,CHE,2022,12.067099567
Switzerland,CHE,2021,15.237921557
Switzerland,CHE,2020,13.802546899
Switzerland,CHE,2018,15.095647352
Switzerland,CHE,2016,14.762372073
Switzerland,CHE,2014,16.940742841
Sweden,SWE,1995,9.677419355
Brazil,BRA,2012,15
Brazil,BRA,2023,10
United States,USA,1982,34.724091521
United States,USA,1981,35.174000575
United States,USA,2023,16.389351082
United States,USA,2022,16.98440208
United States,USA,2021,16.864175023
United States,USA,2020,17.652495379
United States,USA,2019,18.470705065
United States,USA,2018,18.910585817
United States,USA,2017,18.172157279
United States,USA,2016,18.142076503
United States,USA,2015,18.882681564
United States,USA,2014,17.451205511
United States,USA,2013,17.906976744
United States,USA,2012,19.086651054
United States,USA,2011,17.788461538
United States,USA,2010,18.810679612
United States,USA,2009,19.78021978
United States,USA,2008,20.050125313
United States,USA,2007,19.843342037
United States,USA,2006,19.246298789
United States,USA,2005,18.975069252
United States,USA,2004,19.635343619
United States,USA,2003,20.575539568
United States,USA,2002,22.091310751
United States,USA,2001,23.582089552
United States,USA,1974,39.100684262
United States,USA,1973,38.110403397
United States,USA,1998,23.745819398
United States,USA,1997,23.786491622
United States,USA,1996,23.823948681
United States,USA,1995,24.579985391
United States,USA,1994,23.884514436
United States,USA,1993,23.876404494
United States,USA,1992,25.057736721
United States,USA,1991,26.571091909
United States,USA,1990,28.455449564
United States,USA,1989,29.36357908
United States,USA,1988,30.069174233
United States,USA,1987,31.022222222
United States,USA,1986,32.190214906
United States,USA,1985,32.978219697
United States,USA,1984,33.432171979
United States,USA,1999,23.462783172
United States,USA,1980,36.552151037
United States,USA,1979,37.641950568
United States,USA,1978,38.972477064
United States,USA,1977,38.224852071
United States,USA,1976,37.755972696
United States,USA,1975,37.63003166
United Kingdom,GBR,2017,16.534100525
United Kingdom,GBR,2016,16.796536797
United Kingdom,GBR,2015,17.101551481
United Kingdom,GBR,2014,17.382742571
United Kingdom,GBR,2013,17.482014388
United Kingdom,GBR,2012,17.783882784
United Kingdom,GBR,2011,18.246005203
United Kingdom,GBR,2010,19.231436917
United Kingdom,GBR,2009,20.686295953
United Kingdom,GBR,2008,21.857869107
United Kingdom,GBR,2007,21.634780708
United Kingdom,GBR,2006,21.718084024
United Kingdom,GBR,2005,22.0639582
United Kingdom,GBR,2004,23.358740968
United Kingdom,GBR,2003,24.124467088
United Kingdom,GBR,2002,24.379099436
United Kingdom,GBR,2001,25.639645898
United Kingdom,GBR,2000,26.280313829
United Kingdom,GBR,1999,26.089728421
United Kingdom,GBR,1998,27.03529422
United Kingdom,GBR,1997,26.919070155
United Kingdom,GBR,1996,27.218410884
European Union (19 countries) in OECD,EU19OECD,2012,13.084462879
European Union (19 countries) in OECD,EU19OECD,2011,13.262116529
European Union (19 countries) in OECD,EU19OECD,2010,13.570209804
European Union (19 countries) in OECD,EU19OECD,2009,13.891059261
European Union (19 countries) in OECD,EU19OECD,2008,14.380318954
European Union (19 countries) in OECD,EU19OECD,2007,14.891268340
European Union (19 countries) in OECD,EU19OECD,2006,15.403598309
European Union (19 countries) in OECD,EU19OECD,2013,12.793098913
European Union (27 countries),EU27,2010,12.068932332
European Union (27 countries),EU27,2009,12.276838122
European Union (27 countries),EU27,2008,12.846116774
European Union (27 countries),EU27,2007,13.254476454
European Union (27 countries),EU27,2006,13.421855574
European Union (27 countries),EU27,2005,14.063715113
European Union (27 countries),EU27,2004,14.762371131
European Union (27 countries),EU27,2003,15.319881215
European Union (27 countries),EU27,2002,16.775326643
European Union (27 countries),EU27,2022,10.752469949
European Union (27 countries),EU27,2021,10.328017942
European Union (27 countries),EU27,2020,10.071255455
European Union (27 countries),EU27,2019,10.885835335
European Union (27 countries),EU27,2018,10.445354310
European Union (27 countries),EU27,2017,10.580785943
European Union (27 countries),EU27,2016,10.824642083
European Union (27 countries),EU27,2015,11.161060321
European Union (27 countries),EU27,2014,11.288510439
European Union (27 countries),EU27,2013,11.586380158
European Union (27 countries),EU27,2012,11.972033896
European Union (27 countries),EU27,2011,12.045404855
United States,USA,2000,23.088923557
Brazil,BRA,2022,11.111111111
Brazil,BRA,2021,9.090909091
Brazil,BRA,2020,6.25
Brazil,BRA,2019,6.666666667
Brazil,BRA,2018,10.666666667
Argentina,ARG,2018,11.111111111
Argentina,ARG,2017,7.857142857
Argentina,ARG,2023,6.25
Argentina,ARG,2022,6.666666667
Argentina,ARG,2021,6.25
Argentina,ARG,2020,6.25
Argentina,ARG,2019,12
OECD,OECD,2019,12.617380462
OECD,OECD,2018,12.713800101
OECD,OECD,2017,12.681187178
OECD,OECD,2016,13.160580862
OECD,OECD,2015,13.644230034
OECD,OECD,2014,13.778645524
OECD,OECD,2013,13.889822276
OECD,OECD,2012,13.987915313
OECD,OECD,2011,13.872442305
OECD,OECD,2010,14.059934587
OECD,OECD,2009,14.556456573
OECD,OECD,2008,15.144985191
OECD,OECD,2007,15.091732740
OECD,OECD,2006,15.734265852
OECD,OECD,2005,16.037072345
OECD,OECD,2004,16.505929108
OECD,OECD,2003,16.886585914
OECD,OECD,2022,11.425567963
OECD,OECD,2021,11.369613112
OECD,OECD,2002,17.701669963
OECD,OECD,2001,17.895933533
OECD,OECD,2000,18.127029024
OECD,OECD,1999,18.410492498
OECD,OECD,1998,18.731921267
OECD,OECD,1997,18.902280303
OECD,OECD,1996,19.207781198
OECD,OECD,1995,18.990475141
Czechia,CZE,2020,12.372862094
Colombia,COL,2021,3.340506579
Romania,ROU,2021,5.758617932
Romania,ROU,2020,3.302114512
Romania,ROU,2019,5.854523950
Romania,ROU,2018,3.496503496
Romania,ROU,2014,1.546391753
Romania,ROU,2010,9.631728045
Romania,ROU,2006,8.396946565
Romania,ROU,2002,16.160990712
Malta,MLT,2021,16.678152998
Malta,MLT,2020,15.448791715
Malta,MLT,2019,14.199939958
Malta,MLT,2018,11.09375
Malta,MLT,2014,8.989460632
Malta,MLT,2010,7.067879636
Malta,MLT,2006,7.440719542
Malta,MLT,2002,13.555733265
Cyprus,CYP,2002,31.399946315
Cyprus,CYP,2021,21.125311383
Cyprus,CYP,2020,16.583172037
Cyprus,CYP,2019,16.84418382
Cyprus,CYP,2018,15.871047737
Cyprus,CYP,2014,13.409234662
Cyprus,CYP,2010,24.600990644
Cyprus,CYP,2006,30.478309232
Cyprus,CYP,2022,20.84085892
Croatia,HRV,2010,3.832335329
Croatia,HRV,2022,3.21191052
Croatia,HRV,2021,5.420724892
Croatia,HRV,2020,13.850083819
Croatia,HRV,2019,8.537570697
Croatia,HRV,2018,7.915057915
Croatia,HRV,2014,
Bulgaria,BGR,2022,8.805931321
Bulgaria,BGR,2021,10.375275938
Bulgaria,BGR,2020,5.986873699
Bulgaria,BGR,2019,5.530615909
Bulgaria,BGR,2018,3.030303030
Bulgaria,BGR,2014,4.0625
Bulgaria,BGR,2010,6.934306569
Bulgaria,BGR,2002,12.012692656
Bulgaria,BGR,2006,
Brazil,BRA,2013,16.363636364
Brazil,BRA,2017,13.333333333
Romania,ROU,2022,13.636024752
Malta,MLT,2022,17.888433937
OECD,OECD,2020,11.110872126
United Kingdom,GBR,2018,16.310424203
Switzerland,CHE,2012,19.343526441
Sweden,SWE,1996,11.515151515
Portugal,PRT,2022,6.097238154
New Zealand,NZL,2021,6.666666667
Luxembourg,LUX,2021,0.441118843
Lithuania,LTU,2006,16.818181818
Japan,JPN,2009,28.284923928
Israel,ISR,2021,25.357513813
Israel,ISR,2022,20.846153846
Sweden,SWE,2023,7.297297297
European Union (19 countries) in OECD,EU19OECD,2005,15.987233416
European Union (19 countries) in OECD,EU19OECD,2004,16.940374497
European Union (19 countries) in OECD,EU19OECD,2003,17.649477843
Greece,GRC,2019,5.909090909
Germany,DEU,1997,21.575342466
